"类别","中文名称","英文名称","Wiki页面","Wiki文件页","原图URL","仓库图片","文件许可","文件页来源","Wiki上传账号","SHA-256","分发状态"
"主武器","AR-2 郊狼","AR-2 Coyote","https://helldivers.wiki.gg/wiki/AR-2_Coyote","https://helldivers.wiki.gg/wiki/File:AR-2_Coyote_Primary_Render.png","https://helldivers.wiki.gg/images/AR-2_Coyote_Primary_Render.png?5fee45","images/primary/ar-2-coyote.png","CC BY-NC-SA 4.0","User:Undeadender","Undeadender","898612fc1701eecfbde95d0ad18e244382805cd4b551a2143ccd96de0c8a47b3","included-cc-by-nc-sa-4.0"
"主武器","AR-23 解放者","AR-23 Liberator","https://helldivers.wiki.gg/wiki/AR-23_Liberator","https://helldivers.wiki.gg/wiki/File:AR-23_Liberator_Primary_Render.png","https://helldivers.wiki.gg/images/AR-23_Liberator_Primary_Render.png?97e7bb","images/primary/ar-23-liberator.png","CC BY-NC-SA 4.0","User:Undeadender","Undeadender","10b54c54268d9222b407e93c2870941795c911fc9cc2dee1cfcb1315c0822c4f","included-cc-by-nc-sa-4.0"
"主武器","AR-23A 解放者卡宾枪","AR-23A Liberator Carbine","https://helldivers.wiki.gg/wiki/AR-23A_Liberator_Carbine","https://helldivers.wiki.gg/wiki/File:AR-23A_Liberator_Carbine_Primary_Render.png","https://helldivers.wiki.gg/images/AR-23A_Liberator_Carbine_Primary_Render.png?4b36e2","images/primary/ar-23a-liberator-carbine.png","CC BY-NC-SA 4.0","User:Undeadender","Undeadender","790b286e3b8675da7a495ebcab90cb6d4ba71338ce721a5c117ecafb32f1ba20","included-cc-by-nc-sa-4.0"
"主武器","AR-23C 震荡解放者","AR-23C Liberator Concussive","https://helldivers.wiki.gg/wiki/AR-23C_Liberator_Concussive","https://helldivers.wiki.gg/wiki/File:AR-23C_Liberator_Concussive_Primary_Render.png","https://helldivers.wiki.gg/images/AR-23C_Liberator_Concussive_Primary_Render.png?71f573","images/primary/ar-23c-liberator-concussive.png","CC BY-NC-SA 4.0","User:Undeadender","Undeadender","c1b952756f6a95411ece28748b832e37b9b358e7651c483f24773431666fd65a","included-cc-by-nc-sa-4.0"
"主武器","AR-23P 穿透解放者","AR-23P Liberator Penetrator","https://helldivers.wiki.gg/wiki/AR-23P_Liberator_Penetrator","https://helldivers.wiki.gg/wiki/File:AR-23P_Liberator_Penetrator_Primary_Render.png","https://helldivers.wiki.gg/images/AR-23P_Liberator_Penetrator_Primary_Render.png?82edd5","images/primary/ar-23p-liberator-penetrator.png","CC BY-NC-SA 4.0","User:Undeadender","Undeadender","ced7f7ab27580351e61b5dc46258c8c7b78162c94a41759389c6966087535b72","included-cc-by-nc-sa-4.0"
"主武器","AR-32 和平使者","AR-32 Pacifier","https://helldivers.wiki.gg/wiki/AR-32_Pacifier","https://helldivers.wiki.gg/wiki/File:AR-32_Pacifier_Primary_Render.png","https://helldivers.wiki.gg/images/AR-32_Pacifier_Primary_Render.png?94e4a0","images/primary/ar-32-pacifier.png","CC BY-NC-SA 4.0","User:Undeadender","Undeadender","0a434c6fb7462c9641b6630a837f6d1a1a2fc872ba40aec60ef18be2225f85f8","included-cc-by-nc-sa-4.0"
"主武器","AR-59 压制者","AR-59 Suppressor","https://helldivers.wiki.gg/wiki/AR-59_Suppressor","https://helldivers.wiki.gg/wiki/File:AR-59_Suppressor_Primary_Render.png","https://helldivers.wiki.gg/images/AR-59_Suppressor_Primary_Render.png?1fe2a4","","UNMARKED","未标明","Undeadender","","metadata-only"
"主武器","AR-61 嫩化者","AR-61 Tenderizer","https://helldivers.wiki.gg/wiki/AR-61_Tenderizer","https://helldivers.wiki.gg/wiki/File:AR-61_Tenderizer_Primary_Render.png","https://helldivers.wiki.gg/images/AR-61_Tenderizer_Primary_Render.png?7278b4","images/primary/ar-61-tenderizer.png","CC BY-NC-SA 4.0","User:Undeadender","Undeadender","08c6e2aba46ee8693f8e67ddcebdaf112817b8c37571c7feaa863078f1c8cc6f","included-cc-by-nc-sa-4.0"
"主武器","ARC-12 电弧喷射枪","ARC-12 Blitzer","https://helldivers.wiki.gg/wiki/ARC-12_Blitzer","https://helldivers.wiki.gg/wiki/File:ARC-12_Blitzer_Primary_Render.png","https://helldivers.wiki.gg/images/ARC-12_Blitzer_Primary_Render.png?acfea4","images/primary/arc-12-blitzer.png","CC BY-NC-SA 4.0","User:Undeadender","Undeadender","c0afe35b53498a3b01c2ae01d3b14bde76fddf495d59443f47a7fe876da53e7a","included-cc-by-nc-sa-4.0"
"主武器","BR-14 审判者","BR-14 Adjudicator","https://helldivers.wiki.gg/wiki/BR-14_Adjudicator","https://helldivers.wiki.gg/wiki/File:BR-14_Adjudicator_Primary_Render.png","https://helldivers.wiki.gg/images/BR-14_Adjudicator_Primary_Render.png?e74a3d","images/primary/br-14-adjudicator.png","CC BY-NC-SA 4.0","User:Undeadender","Undeadender","4b2cf869141e8e1c64131bb8ac6adafce25979b3c83bf8d4212a7478ec2824b0","included-cc-by-nc-sa-4.0"
"主武器","CB-9 爆炸弩","CB-9 Exploding Crossbow","https://helldivers.wiki.gg/wiki/CB-9_Exploding_Crossbow","https://helldivers.wiki.gg/wiki/File:CB-9_Exploding_Crossbow_Primary_Render.png","https://helldivers.wiki.gg/images/CB-9_Exploding_Crossbow_Primary_Render.png?1aa01f","images/primary/cb-9-exploding-crossbow.png","CC BY-NC-SA 4.0","User:Undeadender","Undeadender","28d70516adc90450bfd86356388fe6af47e527678c3a12463316c6f1b4f1bca7","included-cc-by-nc-sa-4.0"
"主武器","DBS-2 双重自由","DBS-2 Double Freedom","https://helldivers.wiki.gg/wiki/DBS-2_Double_Freedom","https://helldivers.wiki.gg/wiki/File:DBS-2_Shotgun_Primary_Render.png","https://helldivers.wiki.gg/images/DBS-2_Shotgun_Primary_Render.png?fd2b05","images/primary/dbs-2-double-freedom.png","CC BY-NC-SA 4.0","User:Silevn Lizard","Silevn Lizard","ff215275d3f1828c45d7913239d2778fb4f87cb72ae7d23da9bfde3fe1835edf","included-cc-by-nc-sa-4.0"
"主武器","FLAM-66 火炬","FLAM-66 Torcher","https://helldivers.wiki.gg/wiki/FLAM-66_Torcher","https://helldivers.wiki.gg/wiki/File:FLAM-66_Torcher_Primary_Render.png","https://helldivers.wiki.gg/images/FLAM-66_Torcher_Primary_Render.png?e719cd","images/primary/flam-66-torcher.png","CC BY-NC-SA 4.0","User:Undeadender","Undeadender","9bd6f3c6f2bcaf9d3a250ec7f466e5fbdd13ff6ad81c6c537c75de22873ff6ca","included-cc-by-nc-sa-4.0"
"主武器","JAR-5 主宰","JAR-5 Dominator","https://helldivers.wiki.gg/wiki/JAR-5_Dominator","https://helldivers.wiki.gg/wiki/File:JAR-5_Dominator_Primary_Render.png","https://helldivers.wiki.gg/images/JAR-5_Dominator_Primary_Render.png?81a672","images/primary/jar-5-dominator.png","CC BY-NC-SA 4.0","User:Undeadender","Undeadender","4188f767123ff1dd20dccd858f8879870f927c399d047476e207283349d47d5f","included-cc-by-nc-sa-4.0"
"主武器","LAS-13 三叉戟","LAS-13 Trident","https://helldivers.wiki.gg/wiki/LAS-13_Trident","https://helldivers.wiki.gg/wiki/File:LAS-13_Trident_Primary_Render.png","https://helldivers.wiki.gg/images/LAS-13_Trident_Primary_Render.png?615ace","images/primary/las-13-trident.png","CC BY-NC-SA 4.0","未标明","Undeadender","04b26c35c10c4a68605bf98bb320283d3a907dab77e3c7c3527e6878269db6a4","included-cc-by-nc-sa-4.0"
"主武器","LAS-16 镰刀","LAS-16 Sickle","https://helldivers.wiki.gg/wiki/LAS-16_Sickle","https://helldivers.wiki.gg/wiki/File:LAS-16_Sickle_Primary_Render.png","https://helldivers.wiki.gg/images/LAS-16_Sickle_Primary_Render.png?43d245","images/primary/las-16-sickle.png","CC BY-NC-SA 4.0","User:Undeadender","Undeadender","c2caac7c473f57838977b24e337788a5b1d764a00ef56f32ea3e45bb94a1e345","included-cc-by-nc-sa-4.0"
"主武器","LAS-17 双刃镰刀","LAS-17 Double-Edge Sickle","https://helldivers.wiki.gg/wiki/LAS-17_Double-Edge_Sickle","https://helldivers.wiki.gg/wiki/File:LAS-17_Double-Edge_Sickle_Primary_Render.png","https://helldivers.wiki.gg/images/LAS-17_Double-Edge_Sickle_Primary_Render.png?c64fae","images/primary/las-17-double-edge-sickle.png","CC BY-NC-SA 4.0","User:Undeadender","Undeadender","df5ff49c252f3203143056c2eafe9780e4a303e333532278cdc0484b9a7cac6f","included-cc-by-nc-sa-4.0"
"主武器","LAS-5 长柄镰","LAS-5 Scythe","https://helldivers.wiki.gg/wiki/LAS-5_Scythe","https://helldivers.wiki.gg/wiki/File:LAS-5_Scythe_Primary_Render.png","https://helldivers.wiki.gg/images/LAS-5_Scythe_Primary_Render.png?fd3c7d","images/primary/las-5-scythe.png","CC BY-NC-SA 4.0","User:Undeadender","Undeadender","d27ce534e8691d1743b16a61c5a6d89148d933f13b7ed67ae696a19f1ae99501","included-cc-by-nc-sa-4.0"
"主武器","M7S 冲锋枪","M7S SMG","https://helldivers.wiki.gg/wiki/M7S_SMG","https://helldivers.wiki.gg/wiki/File:M7S_SMG_Primary_Render.png","https://helldivers.wiki.gg/images/M7S_SMG_Primary_Render.png?80963e","images/primary/m7s-smg.png","CC BY-NC-SA 4.0","User:Undeadender","Undeadender","cd869c7ed59f10d395e6c3774111c2f1c09c1e0657a8e64980349201aee182e4","included-cc-by-nc-sa-4.0"
"主武器","M90A 霰弹枪","M90A Shotgun","https://helldivers.wiki.gg/wiki/M90A_Shotgun","https://helldivers.wiki.gg/wiki/File:M90A_Shotgun_Primary_Render.png","https://helldivers.wiki.gg/images/M90A_Shotgun_Primary_Render.png?d8aadb","images/primary/m90a-shotgun.png","CC BY-NC-SA 4.0","User:Undeadender","Undeadender","0ea09a41ba802308cbed2bb9c783c9e97850cd3e91504fd3efac2f2f3f731fdb","included-cc-by-nc-sa-4.0"
"主武器","MA5C 突击步枪","MA5C Assault Rifle","https://helldivers.wiki.gg/wiki/MA5C_Assault_Rifle","https://helldivers.wiki.gg/wiki/File:MA5C_Assault_Rifle_Primary_Render.png","https://helldivers.wiki.gg/images/MA5C_Assault_Rifle_Primary_Render.png?ed9b79","images/primary/ma5c-assault-rifle.png","CC BY-NC-SA 4.0","User:Undeadender","Undeadender","784a875e4bd495736da38f2b3be259820ef8d0f6f8da891f687824cf319652a3","included-cc-by-nc-sa-4.0"
"主武器","MP-98 骑士","MP-98 Knight","https://helldivers.wiki.gg/wiki/MP-98_Knight","https://helldivers.wiki.gg/wiki/File:MP-98_Knight_Primary_Render.png","https://helldivers.wiki.gg/images/MP-98_Knight_Primary_Render.png?4573f0","images/primary/mp-98-knight.png","CC BY-NC-SA 4.0","User:Undeadender","Undeadender","bf8f3ba7243ceccfd30a2c57872c1d8650af3f27633fe340e6b4ad351cc9d7c6","included-cc-by-nc-sa-4.0"
"主武器","PLAS-1 焦土","PLAS-1 Scorcher","https://helldivers.wiki.gg/wiki/PLAS-1_Scorcher","https://helldivers.wiki.gg/wiki/File:PLAS-1_Scorcher_Primary_Render.png","https://helldivers.wiki.gg/images/PLAS-1_Scorcher_Primary_Render.png?732708","images/primary/plas-1-scorcher.png","CC BY-NC-SA 4.0","User:Undeadender","Undeadender","d66200718f6ee3bdec0ba17fbc89fab743500aab03b60cb3b26017a5d988ed8f","included-cc-by-nc-sa-4.0"
"主武器","PLAS-101 净化者","PLAS-101 Purifier","https://helldivers.wiki.gg/wiki/PLAS-101_Purifier","https://helldivers.wiki.gg/wiki/File:PLAS-101_Purifier_Primary_Render.png","https://helldivers.wiki.gg/images/PLAS-101_Purifier_Primary_Render.png?c08896","images/primary/plas-101-purifier.png","CC BY-NC-SA 4.0","User:Undeadender","Undeadender","c5e8eaa5d022d7e14e99f0f1113511106809e8ab6b3239f87d00aabab6da282a","included-cc-by-nc-sa-4.0"
"主武器","PLAS-39 加速步枪","PLAS-39 Accelerator Rifle","https://helldivers.wiki.gg/wiki/PLAS-39_Accelerator_Rifle","https://helldivers.wiki.gg/wiki/File:PLAS-39_Accelerator_Rifle_Primary_Render.png","https://helldivers.wiki.gg/images/PLAS-39_Accelerator_Rifle_Primary_Render.png?a8ff98","images/primary/plas-39-accelerator-rifle.png","CC BY-NC-SA 4.0","User:Undeadender","Undeadender","a821271a2548a5eac40c6a835d022f2f34fa1f62933832f38eb02ea7e11b4fb3","included-cc-by-nc-sa-4.0"
"主武器","R-2 修正案","R-2 Amendment","https://helldivers.wiki.gg/wiki/R-2_Amendment","https://helldivers.wiki.gg/wiki/File:R-2_Amendment_Primary_Render.png","https://helldivers.wiki.gg/images/R-2_Amendment_Primary_Render.png?804c0c","images/primary/r-2-amendment.png","CC BY-NC-SA 4.0","User:Undeadender","Undeadender","bfc1592de4ed6be5bb0d2266e59859473c7bde74dd26e2a56c2e335fb173d90c","included-cc-by-nc-sa-4.0"
"主武器","R-2124 宪法","R-2124 Constitution","https://helldivers.wiki.gg/wiki/R-2124_Constitution","https://helldivers.wiki.gg/wiki/File:R-2124_Constitution_Primary_Render.png","https://helldivers.wiki.gg/images/R-2124_Constitution_Primary_Render.png?5afe2d","images/primary/r-2124-constitution.png","CC BY-NC-SA 4.0","User:Undeadender","Undeadender","541b0d13c4d27febae7dfbe88444fe36206751a4591bf64ca22414ad36b053cc","included-cc-by-nc-sa-4.0"
"主武器","R-36 喷发者","R-36 Eruptor","https://helldivers.wiki.gg/wiki/R-36_Eruptor","https://helldivers.wiki.gg/wiki/File:R-36_Eruptor_Primary_Render.png","https://helldivers.wiki.gg/images/R-36_Eruptor_Primary_Render.png?2c6f66","images/primary/r-36-eruptor.png","CC BY-NC-SA 4.0","User:Undeadender","Undeadender","5f96c1facefc597789aceb596be7fa8ed3326a2f9fe6c857663bd608e5efd3f1","included-cc-by-nc-sa-4.0"
"主武器","R-6 死眼","R-6 Deadeye","https://helldivers.wiki.gg/wiki/R-6_Deadeye","https://helldivers.wiki.gg/wiki/File:R-6_Deadeye_Primary_Render.png","https://helldivers.wiki.gg/images/R-6_Deadeye_Primary_Render.png?85d99d","images/primary/r-6-deadeye.png","CC BY-NC-SA 4.0","User:Undeadender","Undeadender","9c0fccb7565f539e9f6673e73fb5cf2102b40b3174ce4b7f8d56d315eec30452","included-cc-by-nc-sa-4.0"
"主武器","R-63 勤勉","R-63 Diligence","https://helldivers.wiki.gg/wiki/R-63_Diligence","https://helldivers.wiki.gg/wiki/File:R-63_Diligence_Primary_Render.png","https://helldivers.wiki.gg/images/R-63_Diligence_Primary_Render.png?69ed5c","images/primary/r-63-diligence.png","CC BY-NC-SA 4.0","User:Undeadender","Undeadender","fa8c582ebbe2853f20e197b942015de0f31f79f4fd269ee0b896ac27644e76e1","included-cc-by-nc-sa-4.0"
"主武器","R-63CS 反狙勤勉","R-63CS Diligence Counter Sniper","https://helldivers.wiki.gg/wiki/R-63CS_Diligence_Counter_Sniper","https://helldivers.wiki.gg/wiki/File:R-63CS_Diligence_Counter_Sniper_Primary_Render.png","https://helldivers.wiki.gg/images/R-63CS_Diligence_Counter_Sniper_Primary_Render.png?3ff844","images/primary/r-63cs-diligence-counter-sniper.png","CC BY-NC-SA 4.0","User:Undeadender","Undeadender","0f56c560f988e125d7789d14c271a2b3d1d1b3f1614ecc1a83f901933ba62260","included-cc-by-nc-sa-4.0"
"主武器","R-72 审查者","R-72 Censor","https://helldivers.wiki.gg/wiki/R-72_Censor","https://helldivers.wiki.gg/wiki/File:R-72_Censor_Primary_Render.png","https://helldivers.wiki.gg/images/R-72_Censor_Primary_Render.png?27d671","","UNMARKED","未标明","Undeadender","","metadata-only"
"主武器","SG-20 停止者","SG-20 Halt","https://helldivers.wiki.gg/wiki/SG-20_Halt","https://helldivers.wiki.gg/wiki/File:SG-20_Halt_Primary_Render.png","https://helldivers.wiki.gg/images/SG-20_Halt_Primary_Render.png?baf775","images/primary/sg-20-halt.png","CC BY-NC-SA 4.0","User:Undeadender","Undeadender","af926bebfdce5c2c74cba12a41e0302e51d5dfb0d1aaed18c5e713b21d4f3c59","included-cc-by-nc-sa-4.0"
"主武器","SG-225 破裂者","SG-225 Breaker","https://helldivers.wiki.gg/wiki/SG-225_Breaker","https://helldivers.wiki.gg/wiki/File:SG-225_Breaker_Primary_Render.png","https://helldivers.wiki.gg/images/SG-225_Breaker_Primary_Render.png?2c7fc4","images/primary/sg-225-breaker.png","CC BY-NC-SA 4.0","User:Undeadender","Undeadender","edaf048a426eaa6c86d93cae246edc8fd26766762698cbbaa27e4eb626ccb691","included-cc-by-nc-sa-4.0"
"主武器","SG-225IE 燃烧破裂者","SG-225IE Breaker Incendiary","https://helldivers.wiki.gg/wiki/SG-225IE_Breaker_Incendiary","https://helldivers.wiki.gg/wiki/File:SG-225IE_Breaker_Incendiary_Primary_Render.png","https://helldivers.wiki.gg/images/SG-225IE_Breaker_Incendiary_Primary_Render.png?29206c","images/primary/sg-225ie-breaker-incendiary.png","CC BY-NC-SA 4.0","User:Undeadender","Undeadender","c3057f62cd3acae864df685464ceae10f10efe96e3aea4714b5e13274c1c5fdb","included-cc-by-nc-sa-4.0"
"主武器","SG-225SP 喷洒祈祷","SG-225SP Breaker Spray & Pray","https://helldivers.wiki.gg/wiki/SG-225SP_Breaker_Spray%26Pray","https://helldivers.wiki.gg/wiki/File:SG-225SP_Breaker_Spray%26Pray_Primary_Render.png","https://helldivers.wiki.gg/images/SG-225SP_Breaker_Spray%26Pray_Primary_Render.png?e050a4","images/primary/sg-225sp-breaker-spray-and-pray.png","CC BY-NC-SA 4.0","User:Undeadender","Undeadender","4546d7209538f96f62f87f3a03de69122a32015cccbc1545fcad0dd1f3c6134d","included-cc-by-nc-sa-4.0"
"主武器","SG-451 烤肉","SG-451 Cookout","https://helldivers.wiki.gg/wiki/SG-451_Cookout","https://helldivers.wiki.gg/wiki/File:SG-451_Cookout_Primary_Render.png","https://helldivers.wiki.gg/images/SG-451_Cookout_Primary_Render.png?a1febd","images/primary/sg-451-cookout.png","CC BY-NC-SA 4.0","User:Undeadender","Undeadender","c8987dd34c5efb8378abb4f9deb87c165c18d7685e2ecfeda51535c961855e74","included-cc-by-nc-sa-4.0"
"主武器","SG-8 惩罚者","SG-8 Punisher","https://helldivers.wiki.gg/wiki/SG-8_Punisher","https://helldivers.wiki.gg/wiki/File:SG-8_Punisher_Primary_Render.png","https://helldivers.wiki.gg/images/SG-8_Punisher_Primary_Render.png?c43067","images/primary/sg-8-punisher.png","CC BY-NC-SA 4.0","User:Undeadender","Undeadender","32b33cdd83b06cf0515bf523c43ca14ec1d8a3b9fc49107c46d19164a3ae8190","included-cc-by-nc-sa-4.0"
"主武器","SG-8P 等离子惩罚者","SG-8P Punisher Plasma","https://helldivers.wiki.gg/wiki/SG-8P_Punisher_Plasma","https://helldivers.wiki.gg/wiki/File:SG-8P_Punisher_Plasma_Primary_Render.png","https://helldivers.wiki.gg/images/SG-8P_Punisher_Plasma_Primary_Render.png?1c38be","images/primary/sg-8p-punisher-plasma.png","CC BY-NC-SA 4.0","User:Undeadender","Undeadender","e49386d8af5cd3a20a98ee2985a90dd92456b6b1f77b98b4e34bc55535fa5b74","included-cc-by-nc-sa-4.0"
"主武器","SG-8S 猛击者","SG-8S Slugger","https://helldivers.wiki.gg/wiki/SG-8S_Slugger","https://helldivers.wiki.gg/wiki/File:SG-8S_Slugger_Primary_Render.png","https://helldivers.wiki.gg/images/SG-8S_Slugger_Primary_Render.png?6296ba","images/primary/sg-8s-slugger.png","CC BY-NC-SA 4.0","User:Undeadender","Undeadender","d4e2ec99ea9b84bdc7b47320f5f30576569a483a4fd2c85b3dbd3f4806fa4b2a","included-cc-by-nc-sa-4.0"
"主武器","SG-97 清扫者","SG-97 Sweeper","https://helldivers.wiki.gg/wiki/SG-97_Sweeper","https://helldivers.wiki.gg/wiki/File:SG-97_Shotgun_Primary_Render.png","https://helldivers.wiki.gg/images/SG-97_Shotgun_Primary_Render.png?255318","","Arrowhead","未标明","Undeadender","","metadata-only"
"主武器","SMG-203 勇士","SMG-203 Gallant","https://helldivers.wiki.gg/wiki/SMG-203_Gallant","https://helldivers.wiki.gg/wiki/File:SMG-203_Gallant_Primary_Render.png","https://helldivers.wiki.gg/images/SMG-203_Gallant_Primary_Render.png?2fac86","","Arrowhead","User:Undeadender","Undeadender","","metadata-only"
"主武器","SMG-32 训诫","SMG-32 Reprimand","https://helldivers.wiki.gg/wiki/SMG-32_Reprimand","https://helldivers.wiki.gg/wiki/File:SMG-32_Reprimand_Primary_Render.png","https://helldivers.wiki.gg/images/SMG-32_Reprimand_Primary_Render.png?19d16d","images/primary/smg-32-reprimand.png","CC BY-NC-SA 4.0","User:Undeadender","Undeadender","b6e02699342a6ac40cc4a563205d80f0344a74964876c242179b887414b1547a","included-cc-by-nc-sa-4.0"
"主武器","SMG-37 防卫者","SMG-37 Defender","https://helldivers.wiki.gg/wiki/SMG-37_Defender","https://helldivers.wiki.gg/wiki/File:SMG-37_Defender_Primary_Render.png","https://helldivers.wiki.gg/images/SMG-37_Defender_Primary_Render.png?b3da92","images/primary/smg-37-defender.png","CC BY-NC-SA 4.0","User:Undeadender","Undeadender","56609121eb3f83f217fb957e6b7f5277f75dd8efb58f02e0aa459a92f865bcb7","included-cc-by-nc-sa-4.0"
"主武器","SMG-72 猛击者","SMG-72 Pummeler","https://helldivers.wiki.gg/wiki/SMG-72_Pummeler","https://helldivers.wiki.gg/wiki/File:SMG-72_Pummeler_Primary_Render.png","https://helldivers.wiki.gg/images/SMG-72_Pummeler_Primary_Render.png?2acd0e","images/primary/smg-72-pummeler.png","CC BY-NC-SA 4.0","User:Undeadender","Undeadender","bfa698fe3808b510d17edef3a3ac7bb381d9f245d24540c032095e0001b6bd78","included-cc-by-nc-sa-4.0"
"主武器","StA-11 冲锋枪","StA-11 SMG","https://helldivers.wiki.gg/wiki/StA-11_SMG","https://helldivers.wiki.gg/wiki/File:StA-11_SMG_Primary_Render.png","https://helldivers.wiki.gg/images/StA-11_SMG_Primary_Render.png?bd19ee","images/primary/sta-11-smg.png","CC BY-NC-SA 4.0","User:Undeadender","Undeadender","54c773f35dd2d4fa6a72326771c2cfd805e2d52696fcf0bc23953584139d4801","included-cc-by-nc-sa-4.0"
"主武器","StA-52 突击步枪","StA-52 Assault Rifle","https://helldivers.wiki.gg/wiki/StA-52_Assault_Rifle","https://helldivers.wiki.gg/wiki/File:StA-52_Assault_Rifle_Primary_Render.png","https://helldivers.wiki.gg/images/StA-52_Assault_Rifle_Primary_Render.png?94bd97","images/primary/sta-52-assault-rifle.png","CC BY-NC-SA 4.0","User:Undeadender","Undeadender","baec3b3b46c4603dcbd0c9651cb98e8d43d76830c1aed5866aaeca7d9afbfbc6","included-cc-by-nc-sa-4.0"
"主武器","VG-70 可变式","VG-70 Variable","https://helldivers.wiki.gg/wiki/VG-70_Variable","https://helldivers.wiki.gg/wiki/File:VG-70_Variable_Primary_Render.png","https://helldivers.wiki.gg/images/VG-70_Variable_Primary_Render.png?8e909c","images/primary/vg-70-variable.png","CC BY-NC-SA 4.0","User:Undeadender","Undeadender","e4797d4c88b2d08d5ba2998c0d470d564f12f22042bbeeb008d1603d55d97c1c","included-cc-by-nc-sa-4.0"
"副武器","CQC-19 电击长枪","CQC-19 Stun Lance","https://helldivers.wiki.gg/wiki/CQC-19_Stun_Lance","https://helldivers.wiki.gg/wiki/File:CQC-19_Stun_Lance_Secondary_Render.png","https://helldivers.wiki.gg/images/CQC-19_Stun_Lance_Secondary_Render.png?9a9709","images/secondary/cqc-19-stun-lance.png","CC BY-NC-SA 4.0","未标明","Undeadender","d7dd983c1852f2d2ed5d9abd8f5d1dd98728a04e1eb888db36d72f7601981a1b","included-cc-by-nc-sa-4.0"
"副武器","CQC-2 军刀","CQC-2 Saber","https://helldivers.wiki.gg/wiki/CQC-2_Saber","https://helldivers.wiki.gg/wiki/File:CQC-2_Saber_Secondary_Render.png","https://helldivers.wiki.gg/images/CQC-2_Saber_Secondary_Render.png?459c5b","images/secondary/cqc-2-saber.png","CC BY-NC-SA 4.0","未标明","Undeadender","47b66c1bf197f6b540bfbc67b1d9c4ef5c2acea4322cd9fabe291fafba8cc11b","included-cc-by-nc-sa-4.0"
"副武器","CQC-30 电击棍","CQC-30 Stun Baton","https://helldivers.wiki.gg/wiki/CQC-30_Stun_Baton","https://helldivers.wiki.gg/wiki/File:CQC-30_Stun_Baton_Secondary_Render.png","https://helldivers.wiki.gg/images/CQC-30_Stun_Baton_Secondary_Render.png?5b701f","images/secondary/cqc-30-stun-baton.png","CC BY-NC-SA 4.0","未标明","Undeadender","2185be30efdbd02661b613958f39dc06a0dc81b493d3f74119cd2efefeb99cf8","included-cc-by-nc-sa-4.0"
"副武器","CQC-42 砍刀","CQC-42 Machete","https://helldivers.wiki.gg/wiki/CQC-42_Machete","https://helldivers.wiki.gg/wiki/File:CQC-42_Machete_Secondary_Render.png","https://helldivers.wiki.gg/images/CQC-42_Machete_Secondary_Render.png?25973a","","UNMARKED","未标明","Undeadender","","metadata-only"
"副武器","CQC-5 战斧","CQC-5 Combat Hatchet","https://helldivers.wiki.gg/wiki/CQC-5_Combat_Hatchet","https://helldivers.wiki.gg/wiki/File:CQC-5_Combat_Hatchet_Secondary_Render.png","https://helldivers.wiki.gg/images/CQC-5_Combat_Hatchet_Secondary_Render.png?eb83de","images/secondary/cqc-5-combat-hatchet.png","CC BY-NC-SA 4.0","未标明","Undeadender","3e6bb2c4a93e114807172afd582859a33738d9776d1c39158d7bb2e46c0b1396","included-cc-by-nc-sa-4.0"
"副武器","GP-20 最后通牒","GP-20 Ultimatum","https://helldivers.wiki.gg/wiki/GP-20_Ultimatum","https://helldivers.wiki.gg/wiki/File:GP-20_Ultimatum_Secondary_Render.png","https://helldivers.wiki.gg/images/GP-20_Ultimatum_Secondary_Render.png?3d51dc","images/secondary/gp-20-ultimatum.png","CC BY-NC-SA 4.0","未标明","Undeadender","fd3e9ca1ab9949d0478b1b172dd955f2ec3c495f22610411ee50154c546b42f2","included-cc-by-nc-sa-4.0"
"副武器","GP-31 榴弹手枪","GP-31 Grenade Pistol","https://helldivers.wiki.gg/wiki/GP-31_Grenade_Pistol","https://helldivers.wiki.gg/wiki/File:GP-31_Grenade_Pistol_Secondary_Render.png","https://helldivers.wiki.gg/images/GP-31_Grenade_Pistol_Secondary_Render.png?4f6aba","images/secondary/gp-31-grenade-pistol.png","CC BY-NC-SA 4.0","未标明","Undeadender","1941e818afae223624576e83dd2234ba24335f8cc9f718981f12cf894426b0dd","included-cc-by-nc-sa-4.0"
"副武器","LAS-58 利爪","LAS-58 Talon","https://helldivers.wiki.gg/wiki/LAS-58_Talon","https://helldivers.wiki.gg/wiki/File:LAS-58_Talon_Secondary_Render.png","https://helldivers.wiki.gg/images/LAS-58_Talon_Secondary_Render.png?8621df","images/secondary/las-58-talon.png","CC BY-NC-SA 4.0","未标明","Undeadender","d8848f5a1b33d603aab5fce36e0f6beffb9dcf192b9af432e79917986b990e29","included-cc-by-nc-sa-4.0"
"副武器","LAS-7 匕首","LAS-7 Dagger","https://helldivers.wiki.gg/wiki/LAS-7_Dagger","https://helldivers.wiki.gg/wiki/File:LAS-7_Dagger_Secondary_Render.png","https://helldivers.wiki.gg/images/LAS-7_Dagger_Secondary_Render.png?bcfb59","images/secondary/las-7-dagger.png","CC BY-NC-SA 4.0","User:Undeadender","PLord","6303bcf238ce9ec38c12a9979bfbbed62efcb15d9c46fde995b67156b86a3713","included-cc-by-nc-sa-4.0"
"副武器","P-11 治疗手枪","P-11 Stim Pistol","https://helldivers.wiki.gg/wiki/P-11_Stim_Pistol","https://helldivers.wiki.gg/wiki/File:P-11_Stim_Pistol_Secondary_Render.png","https://helldivers.wiki.gg/images/P-11_Stim_Pistol_Secondary_Render.png?9d252e","images/secondary/p-11-stim-pistol.png","CC BY-NC-SA 4.0","未标明","Undeadender","ba088009bbe8c5eb06f30d1a13aec9c5a094f584112ab89102037122abdeefc1","included-cc-by-nc-sa-4.0"
"副武器","P-113 裁决","P-113 Verdict","https://helldivers.wiki.gg/wiki/P-113_Verdict","https://helldivers.wiki.gg/wiki/File:P-113_Verdict_Secondary_Render.png","https://helldivers.wiki.gg/images/P-113_Verdict_Secondary_Render.png?2bc2c6","images/secondary/p-113-verdict.png","CC BY-NC-SA 4.0","未标明","Undeadender","16178f6fbc6f6b771cbaee85b66770497f7b082efbf3aeac414b049f05a07e9d","included-cc-by-nc-sa-4.0"
"副武器","P-19 救赎者","P-19 Redeemer","https://helldivers.wiki.gg/wiki/P-19_Redeemer","https://helldivers.wiki.gg/wiki/File:P-19_Redeemer_Secondary_Render.png","https://helldivers.wiki.gg/images/P-19_Redeemer_Secondary_Render.png?cf1205","images/secondary/p-19-redeemer.png","CC BY-NC-SA 4.0","未标明","Undeadender","72d0d79e2688fe24d39ee9889b6ff8141e51bff73c72786bc0f23e5502e26565","included-cc-by-nc-sa-4.0"
"副武器","P-2 和平制造者","P-2 Peacemaker","https://helldivers.wiki.gg/wiki/P-2_Peacemaker","https://helldivers.wiki.gg/wiki/File:P-2_Peacemaker_Secondary_Render.png","https://helldivers.wiki.gg/images/P-2_Peacemaker_Secondary_Render.png?946d17","images/secondary/p-2-peacemaker.png","CC BY-NC-SA 4.0","未标明","Undeadender","734c7ddd2133f1802cc4a013c8a7f9fd41f472c9bf53277d1e388d87fad75591","included-cc-by-nc-sa-4.0"
"副武器","P-33 导弹手枪","P-33 Missile Pistol","https://helldivers.wiki.gg/wiki/P-33_Missile_Pistol","https://helldivers.wiki.gg/wiki/File:P-33_Missile_Pistol_Secondary_Render.png","https://helldivers.wiki.gg/images/P-33_Missile_Pistol_Secondary_Render.png?a1e58d","","Arrowhead","User:Undeadender","Undeadender","","metadata-only"
"副武器","P-35 再教育者","P-35 Re-Educator","https://helldivers.wiki.gg/wiki/P-35_Re-Educator","https://helldivers.wiki.gg/wiki/File:P-35_Re-Educator_Secondary_Render.png","https://helldivers.wiki.gg/images/P-35_Re-Educator_Secondary_Render.png?9ac5c7","","UNMARKED","未标明","Undeadender","","metadata-only"
"副武器","P-4 参议员","P-4 Senator","https://helldivers.wiki.gg/wiki/P-4_Senator","https://helldivers.wiki.gg/wiki/File:P-4_Senator_Secondary_Render.png","https://helldivers.wiki.gg/images/P-4_Senator_Secondary_Render.png?34d42a","images/secondary/p-4-senator.png","CC BY-NC-SA 4.0","未标明","Undeadender","29588100b42ff5bb559da209ffa06b9eca2b434824742e81258de76c09e8a418","included-cc-by-nc-sa-4.0"
"副武器","P-69 否决","P-69 Veto","https://helldivers.wiki.gg/wiki/P-69_Veto","https://helldivers.wiki.gg/wiki/File:P-69_Veto_Secondary_Icon.png","https://helldivers.wiki.gg/images/P-69_Veto_Secondary_Icon.png?e02465","","Arrowhead","未标明","Undeadender","","metadata-only"
"副武器","P-72 脆化者","P-72 Crisper","https://helldivers.wiki.gg/wiki/P-72_Crisper","https://helldivers.wiki.gg/wiki/File:P-72_Crisper_Secondary_Render.png","https://helldivers.wiki.gg/images/P-72_Crisper_Secondary_Render.png?849008","images/secondary/p-72-crisper.png","CC BY-NC-SA 4.0","未标明","Undeadender","238f7ab3e0ac32ad1fe6812b1f329e441027403d4e4aed5ac8d3db95d7709d91","included-cc-by-nc-sa-4.0"
"副武器","P-92 搜查令","P-92 Warrant","https://helldivers.wiki.gg/wiki/P-92_Warrant","https://helldivers.wiki.gg/wiki/File:P-92_Warrant_Secondary_Render.png","https://helldivers.wiki.gg/images/P-92_Warrant_Secondary_Render.png?ac350b","images/secondary/p-92-warrant.png","CC BY-NC-SA 4.0","未标明","Undeadender","4ff70c9f3813bf6f55e17401f12cec6a273ced2503c50fa64f6d9f9206b54bed","included-cc-by-nc-sa-4.0"
"副武器","PLAS-15 忠诚者","PLAS-15 Loyalist","https://helldivers.wiki.gg/wiki/PLAS-15_Loyalist","https://helldivers.wiki.gg/wiki/File:PLAS-15_Loyalist_Secondary_Render.png","https://helldivers.wiki.gg/images/PLAS-15_Loyalist_Secondary_Render.png?fd5d4b","images/secondary/plas-15-loyalist.png","CC BY-NC-SA 4.0","未标明","Undeadender","30dca54d114fd854b07ebbb6dfad79c8bf51cda5495a2fe0f69f2691bded9a5e","included-cc-by-nc-sa-4.0"
"副武器","SG-22 灌木清理者","SG-22 Bushwhacker","https://helldivers.wiki.gg/wiki/SG-22_Bushwhacker","https://helldivers.wiki.gg/wiki/File:SG-22_Bushwhacker_Secondary_Render.png","https://helldivers.wiki.gg/images/SG-22_Bushwhacker_Secondary_Render.png?96bab5","images/secondary/sg-22-bushwhacker.png","CC BY-NC-SA 4.0","未标明","Undeadender","6e29a1634d051e6063964f4c7f2898b60f014994e2a28bda930598716dc5daca","included-cc-by-nc-sa-4.0"
"手雷","G-10 燃烧弹","G-10 Incendiary","https://helldivers.wiki.gg/wiki/G-10_Incendiary","https://helldivers.wiki.gg/wiki/File:G-10_Incendiary_Throwable_Render.png","https://helldivers.wiki.gg/images/G-10_Incendiary_Throwable_Render.png?fa03cb","images/throwable/g-10-incendiary.png","CC BY-NC-SA 4.0","未标明","Undeadender","23a8789a1cffe86d4feaa5ef1aabafb41a3e2a7d589f9908cbf655d8792f6cf2","included-cc-by-nc-sa-4.0"
"手雷","G-109 海胆","G-109 Urchin","https://helldivers.wiki.gg/wiki/G-109_Urchin","https://helldivers.wiki.gg/wiki/File:G-109_Urchin_Throwable_Render.png","https://helldivers.wiki.gg/images/G-109_Urchin_Throwable_Render.png?6556ae","images/throwable/g-109-urchin.png","CC BY-NC-SA 4.0","未标明","Undeadender","a6cd54bf91fc15bff411fdb20221189438eaff72940d18cac411ba054a3c35c7","included-cc-by-nc-sa-4.0"
"手雷","G-12 高爆弹","G-12 High Explosive","https://helldivers.wiki.gg/wiki/G-12_High_Explosive","https://helldivers.wiki.gg/wiki/File:G-12_High_Explosive_Throwable_Render.png","https://helldivers.wiki.gg/images/G-12_High_Explosive_Throwable_Render.png?5b3049","images/throwable/g-12-high-explosive.png","CC BY-NC-SA 4.0","未标明","Undeadender","ac4f7e4585d6f50b950e5e73d8504d653dcdd128d959329ab71af0c5fb2fbed4","included-cc-by-nc-sa-4.0"
"手雷","G-123 铝热弹","G-123 Thermite","https://helldivers.wiki.gg/wiki/G-123_Thermite","https://helldivers.wiki.gg/wiki/File:G-123_Thermite_Throwable_Render.png","https://helldivers.wiki.gg/images/G-123_Thermite_Throwable_Render.png?1dc4e1","images/throwable/g-123-thermite.png","CC BY-NC-SA 4.0","未标明","Undeadender","67d15e09374345ba9dc47bea3f68ad119406a3861f90652be3c90fb7542bdf5e","included-cc-by-nc-sa-4.0"
"手雷","G-13 冲击燃烧弹","G-13 Incendiary Impact","https://helldivers.wiki.gg/wiki/G-13_Incendiary_Impact","https://helldivers.wiki.gg/wiki/File:G-13_Incendiary_Impact_Throwable_Render.png","https://helldivers.wiki.gg/images/G-13_Incendiary_Impact_Throwable_Render.png?103c4a","images/throwable/g-13-incendiary-impact.png","CC BY-NC-SA 4.0","未标明","Undeadender","3b150c1c1d493902f93a3921d3a6e64d1fd347401f2347a8cdb9f380c30ef4ac","included-cc-by-nc-sa-4.0"
"手雷","G-142 烟火弹","G-142 Pyrotech","https://helldivers.wiki.gg/wiki/G-142_Pyrotech","https://helldivers.wiki.gg/wiki/File:G-142_Pyrotech_Throwable_Render.png","https://helldivers.wiki.gg/images/G-142_Pyrotech_Throwable_Render.png?d77fbb","images/throwable/g-142-pyrotech.png","CC BY-NC-SA 4.0","未标明","Undeadender","2c210eeace59f5a78d5fc945733a3f7264eaaf4682622f1812b6328ecaff2203","included-cc-by-nc-sa-4.0"
"手雷","G-16 冲击弹","G-16 Impact","https://helldivers.wiki.gg/wiki/G-16_Impact","https://helldivers.wiki.gg/wiki/File:G-16_Impact_Throwable_Render.png","https://helldivers.wiki.gg/images/G-16_Impact_Throwable_Render.png?6e6bc3","images/throwable/g-16-impact.png","CC BY-NC-SA 4.0","未标明","Undeadender","b8da2d849c33182e7fa35b55d26dc2ab50d3c125b7dd230b17d89937887d09a0","included-cc-by-nc-sa-4.0"
"手雷","G-23 眩晕弹","G-23 Stun","https://helldivers.wiki.gg/wiki/G-23_Stun","https://helldivers.wiki.gg/wiki/File:G-23_Stun_Throwable_Render.png","https://helldivers.wiki.gg/images/G-23_Stun_Throwable_Render.png?674d41","images/throwable/g-23-stun.png","CC BY-NC-SA 4.0","未标明","Undeadender","fc7f1e800126a7281ba182250ef923b14dd59ee4c8b3803b6b5cab69c8cdde5e","included-cc-by-nc-sa-4.0"
"手雷","G-3 烟雾弹","G-3 Smoke","https://helldivers.wiki.gg/wiki/G-3_Smoke","https://helldivers.wiki.gg/wiki/File:G-3_Smoke_Throwable_Render.png","https://helldivers.wiki.gg/images/G-3_Smoke_Throwable_Render.png?4ff7f7","images/throwable/g-3-smoke.png","CC BY-NC-SA 4.0","未标明","Undeadender","702eb35c1ec5ea366e3aabaa4ec14ba9bfba5f35b08e1be2816f97b00fb2d188","included-cc-by-nc-sa-4.0"
"手雷","G-31 电弧弹","G-31 Arc","https://helldivers.wiki.gg/wiki/G-31_Arc","https://helldivers.wiki.gg/wiki/File:G-31_ARC_Throwable_Render.png","https://helldivers.wiki.gg/images/G-31_ARC_Throwable_Render.png?3ad7a2","","Arrowhead","未标明","Undeadender","","metadata-only"
"手雷","G-4 毒气弹","G-4 Gas","https://helldivers.wiki.gg/wiki/G-4_Gas","https://helldivers.wiki.gg/wiki/File:G-4_Gas_Throwable_Render.png","https://helldivers.wiki.gg/images/G-4_Gas_Throwable_Render.png?5edf98","images/throwable/g-4-gas.png","CC BY-NC-SA 4.0","未标明","Undeadender","d7844c93e5a0e2312301bb8ea5f0f4a225e8a8113f7bce2ef585d26feb423f49","included-cc-by-nc-sa-4.0"
"手雷","G-48 巨型手雷","G-48 Giga Grenade","https://helldivers.wiki.gg/wiki/G-48_Giga_Grenade","","","","UNMARKED","未标明","未标明","","metadata-only"
"手雷","G-50 追踪弹","G-50 Seeker","https://helldivers.wiki.gg/wiki/G-50_Seeker","https://helldivers.wiki.gg/wiki/File:G-50_Seeker_Throwable_Render.png","https://helldivers.wiki.gg/images/G-50_Seeker_Throwable_Render.png?1eba17","images/throwable/g-50-seeker.png","CC BY-NC-SA 4.0","未标明","Undeadender","fe7499c4eacc9f4c339fa330b60028405b34af232947fe3c3cc4d43614ab175b","included-cc-by-nc-sa-4.0"
"手雷","G-6 破片弹","G-6 Frag","https://helldivers.wiki.gg/wiki/G-6_Frag","https://helldivers.wiki.gg/wiki/File:G-6_Frag_Throwable_Render.png","https://helldivers.wiki.gg/images/G-6_Frag_Throwable_Render.png?3a5ba5","images/throwable/g-6-frag.png","CC BY-NC-SA 4.0","未标明","Undeadender","266ee303e64f4d680f24674187ee0991bd98224c50ea199c8d5bb1a430a2a93d","included-cc-by-nc-sa-4.0"
"手雷","G-7 菠萝弹","G-7 Pineapple","https://helldivers.wiki.gg/wiki/G-7_Pineapple","https://helldivers.wiki.gg/wiki/File:G-7_Pineapple_Throwable_Render.png","https://helldivers.wiki.gg/images/G-7_Pineapple_Throwable_Render.png?c70d05","","UNMARKED","未标明","Undeadender","","metadata-only"
"手雷","G-89 烟幕弹","G-89 Smokescreen","https://helldivers.wiki.gg/wiki/G-89_Smokescreen","https://helldivers.wiki.gg/wiki/File:G-89_Smokescreen_Throwable_Render.png","https://helldivers.wiki.gg/images/G-89_Smokescreen_Throwable_Render.png?bf4187","","UNMARKED","未标明","Undeadender","","metadata-only"
"手雷","K-2 飞刀","K-2 Throwing Knife","https://helldivers.wiki.gg/wiki/K-2_Throwing_Knife","https://helldivers.wiki.gg/wiki/File:K-2_Throwing_Knife_Throwable_Render.png","https://helldivers.wiki.gg/images/K-2_Throwing_Knife_Throwable_Render.png?4b7c6a","images/throwable/k-2-throwing-knife.png","CC BY-NC-SA 4.0","未标明","Undeadender","1fcf8908ea180f05b28f3ebf37e7975fe48ab751c89d2159282a540e55b922b8","included-cc-by-nc-sa-4.0"
"手雷","TED-63 炸药","TED-63 Dynamite","https://helldivers.wiki.gg/wiki/TED-63_Dynamite","https://helldivers.wiki.gg/wiki/File:Ted-63_Dynamite_Ingame_Model.png","https://helldivers.wiki.gg/images/Ted-63_Dynamite_Ingame_Model.png?ffc24d","","Arrowhead","未标明","Tech Support Squid","","metadata-only"
"手雷","TM-1 诱饵雷","TM-1 Lure Mine","https://helldivers.wiki.gg/wiki/TM-1_Lure_Mine","https://helldivers.wiki.gg/wiki/File:TM-1_Lure_Mine_Throwable_Render.png","https://helldivers.wiki.gg/images/TM-1_Lure_Mine_Throwable_Render.png?42e657","","UNMARKED","未标明","Undeadender","","metadata-only"
"战备","飞鹰机枪扫射","Eagle Strafing Run","https://helldivers.wiki.gg/wiki/Eagle_Strafing_Run","https://helldivers.wiki.gg/wiki/File:Eagle_Strafing_Run_Stratagem_Icon.svg","https://helldivers.wiki.gg/images/Eagle_Strafing_Run_Stratagem_Icon.svg?facebd","","Arrowhead","User:Dogo314","Dogo314","","metadata-only"
"战备","飞鹰空袭","Eagle Airstrike","https://helldivers.wiki.gg/wiki/Eagle_Airstrike","https://helldivers.wiki.gg/wiki/File:Eagle_Airstrike_Stratagem_Icon.svg","https://helldivers.wiki.gg/images/Eagle_Airstrike_Stratagem_Icon.svg?ad3775","","Arrowhead","User:Dogo314","Dogo314","","metadata-only"
"战备","飞鹰集束炸弹","Eagle Cluster Bomb","https://helldivers.wiki.gg/wiki/Eagle_Cluster_Bomb","https://helldivers.wiki.gg/wiki/File:Eagle_Cluster_Bomb_Stratagem_Icon.svg","https://helldivers.wiki.gg/images/Eagle_Cluster_Bomb_Stratagem_Icon.svg?e8111e","","Arrowhead","User:Dogo314","Dogo314","","metadata-only"
"战备","飞鹰凝固汽油弹空袭","Eagle Napalm Airstrike","https://helldivers.wiki.gg/wiki/Eagle_Napalm_Airstrike","https://helldivers.wiki.gg/wiki/File:Eagle_Napalm_Airstrike_Stratagem_Icon.svg","https://helldivers.wiki.gg/images/Eagle_Napalm_Airstrike_Stratagem_Icon.svg?c0d2e8","","Arrowhead","User:Dogo314","Dogo314","","metadata-only"
"战备","飞鹰烟雾攻击","Eagle Smoke Strike","https://helldivers.wiki.gg/wiki/Eagle_Smoke_Strike","https://helldivers.wiki.gg/wiki/File:Eagle_Smoke_Strike_Stratagem_Icon.svg","https://helldivers.wiki.gg/images/Eagle_Smoke_Strike_Stratagem_Icon.svg?1199c6","","Arrowhead","User:Dogo314","Dogo314","","metadata-only"
"战备","飞鹰 110MM 火箭巢","Eagle 110MM Rocket Pods","https://helldivers.wiki.gg/wiki/Eagle_110mm_Rocket_Pods","https://helldivers.wiki.gg/wiki/File:Eagle_110mm_Rocket_Pods_Stratagem_Icon.svg","https://helldivers.wiki.gg/images/Eagle_110mm_Rocket_Pods_Stratagem_Icon.svg?a1b5b0","","Arrowhead","User:Dogo314","Dogo314","","metadata-only"
"战备","飞鹰 500KG 炸弹","Eagle 500KG Bomb","https://helldivers.wiki.gg/wiki/Eagle_500kg_Bomb","https://helldivers.wiki.gg/wiki/File:Eagle_500kg_Bomb_Stratagem_Icon.svg","https://helldivers.wiki.gg/images/Eagle_500kg_Bomb_Stratagem_Icon.svg?70334e","","Arrowhead","User:Dogo314","Dogo314","","metadata-only"
"战备","快速侦察载具","Fast Recon Vehicle","https://helldivers.wiki.gg/wiki/M-102_Fast_Recon_Vehicle","https://helldivers.wiki.gg/wiki/File:Fast_Recon_Vehicle_Stratagem_Icon.svg","https://helldivers.wiki.gg/images/Fast_Recon_Vehicle_Stratagem_Icon.svg?8ae9cc","","Arrowhead","User:Dogo314","Dogo314","","metadata-only"
"战备","喷气背包","Jump Pack","https://helldivers.wiki.gg/wiki/LIFT-850_Jump_Pack","https://helldivers.wiki.gg/wiki/File:Jump_Pack_Stratagem_Icon.svg","https://helldivers.wiki.gg/images/Jump_Pack_Stratagem_Icon.svg?bbae95","","Arrowhead","User:Dogo314","Dogo314","","metadata-only"
"战备","悬浮背包","Hover Pack","https://helldivers.wiki.gg/wiki/LIFT-860_Hover_Pack","https://helldivers.wiki.gg/wiki/File:Hover_Pack_Stratagem_Icon.svg","https://helldivers.wiki.gg/images/Hover_Pack_Stratagem_Icon.svg?cef892","","Arrowhead","User:Dogo314","Dogo314","","metadata-only"
"战备","轨道精准攻击","Orbital Precision Strike","https://helldivers.wiki.gg/wiki/Orbital_Precision_Strike","https://helldivers.wiki.gg/wiki/File:Orbital_Precision_Strike_Stratagem_Icon.svg","https://helldivers.wiki.gg/images/Orbital_Precision_Strike_Stratagem_Icon.svg?fdaecb","","Arrowhead","User:Dogo314","Dogo314","","metadata-only"
"战备","轨道毒气攻击","Orbital Gas Strike","https://helldivers.wiki.gg/wiki/Orbital_Gas_Strike","https://helldivers.wiki.gg/wiki/File:Orbital_Gas_Strike_Stratagem_Icon.svg","https://helldivers.wiki.gg/images/Orbital_Gas_Strike_Stratagem_Icon.svg?cd89ee","","Arrowhead","User:Dogo314","Dogo314","","metadata-only"
"战备","轨道电磁攻击","Orbital EMS Strike","https://helldivers.wiki.gg/wiki/Orbital_EMS_Strike","https://helldivers.wiki.gg/wiki/File:Orbital_EMS_Strike_Stratagem_Icon.svg","https://helldivers.wiki.gg/images/Orbital_EMS_Strike_Stratagem_Icon.svg?92ed7f","","Arrowhead","User:Dogo314","Dogo314","","metadata-only"
"战备","轨道烟雾攻击","Orbital Smoke Strike","https://helldivers.wiki.gg/wiki/Orbital_Smoke_Strike","https://helldivers.wiki.gg/wiki/File:Orbital_Smoke_Strike_Stratagem_Icon.svg","https://helldivers.wiki.gg/images/Orbital_Smoke_Strike_Stratagem_Icon.svg?ab491d","","Arrowhead","User:Dogo314","Dogo314","","metadata-only"
"战备","轨道 120MM 高爆弹幕","Orbital 120MM HE Barrage","https://helldivers.wiki.gg/wiki/Orbital_120mm_HE_Barrage","https://helldivers.wiki.gg/wiki/File:Orbital_120mm_HE_Barrage_Stratagem_Icon.svg","https://helldivers.wiki.gg/images/Orbital_120mm_HE_Barrage_Stratagem_Icon.svg?f8a292","","Arrowhead","User:Dogo314","Dogo314","","metadata-only"
"战备","轨道 380MM 高爆弹幕","Orbital 380MM HE Barrage","https://helldivers.wiki.gg/wiki/Orbital_380mm_HE_Barrage","https://helldivers.wiki.gg/wiki/File:Orbital_380mm_HE_Barrage_Stratagem_Icon.svg","https://helldivers.wiki.gg/images/Orbital_380mm_HE_Barrage_Stratagem_Icon.svg?dc8ff9","","Arrowhead","User:Dogo314","Dogo314","","metadata-only"
"战备","轨道行走弹幕","Orbital Walking Barrage","https://helldivers.wiki.gg/wiki/Orbital_Walking_Barrage","https://helldivers.wiki.gg/wiki/File:Orbital_Walking_Barrage_Stratagem_Icon.svg","https://helldivers.wiki.gg/images/Orbital_Walking_Barrage_Stratagem_Icon.svg?296041","","Arrowhead","User:Dogo314","Dogo314","","metadata-only"
"战备","轨道激光","Orbital Laser","https://helldivers.wiki.gg/wiki/Orbital_Laser","https://helldivers.wiki.gg/wiki/File:Orbital_Laser_Stratagem_Icon.svg","https://helldivers.wiki.gg/images/Orbital_Laser_Stratagem_Icon.svg?93d946","","Arrowhead","User:Dogo314","Dogo314","","metadata-only"
"战备","轨道磁轨炮攻击","Orbital Railcannon Strike","https://helldivers.wiki.gg/wiki/Orbital_Railcannon_Strike","https://helldivers.wiki.gg/wiki/File:Orbital_Railcannon_Strike_Stratagem_Icon.svg","https://helldivers.wiki.gg/images/Orbital_Railcannon_Strike_Stratagem_Icon.svg?eccc1b","","Arrowhead","User:Dogo314","Dogo314","","metadata-only"
"战备","轨道空爆攻击","Orbital Airburst Strike","https://helldivers.wiki.gg/wiki/Orbital_Airburst_Strike","https://helldivers.wiki.gg/wiki/File:Orbital_Airburst_Strike_Stratagem_Icon.svg","https://helldivers.wiki.gg/images/Orbital_Airburst_Strike_Stratagem_Icon.svg?ff2459","","Arrowhead","User:Dogo314","Dogo314","","metadata-only"
"战备","轨道加特林弹幕","Orbital Gatling Barrage","https://helldivers.wiki.gg/wiki/Orbital_Gatling_Barrage","https://helldivers.wiki.gg/wiki/File:Orbital_Gatling_Barrage_Stratagem_Icon.svg","https://helldivers.wiki.gg/images/Orbital_Gatling_Barrage_Stratagem_Icon.svg?a928a5","","Arrowhead","User:Dogo314","Dogo314","","metadata-only"
"战备","轨道凝固汽油弹幕","Orbital Napalm Barrage","https://helldivers.wiki.gg/wiki/Orbital_Napalm_Barrage","https://helldivers.wiki.gg/wiki/File:Orbital_Napalm_Barrage_Stratagem_Icon.svg","https://helldivers.wiki.gg/images/Orbital_Napalm_Barrage_Stratagem_Icon.svg?63a217","","Arrowhead","User:Dogo314","Dogo314","","metadata-only"
"战备","机枪","Machine Gun","https://helldivers.wiki.gg/wiki/MG-43_Machine_Gun","https://helldivers.wiki.gg/wiki/File:Machine_Gun_Stratagem_Icon.svg","https://helldivers.wiki.gg/images/Machine_Gun_Stratagem_Icon.svg?104c95","","Arrowhead","User:Dogo314","Dogo314","","metadata-only"
"战备","反器材步枪","Anti-Materiel Rifle","https://helldivers.wiki.gg/wiki/APW-1_Anti-Materiel_Rifle","https://helldivers.wiki.gg/wiki/File:Anti-Materiel_Rifle_Stratagem_Icon.svg","https://helldivers.wiki.gg/images/Anti-Materiel_Rifle_Stratagem_Icon.svg?38f064","","Arrowhead","User:Dogo314","Dogo314","","metadata-only"
"战备","盟友","Stalwart","https://helldivers.wiki.gg/wiki/M-105_Stalwart","https://helldivers.wiki.gg/wiki/File:Stalwart_Stratagem_Icon.svg","https://helldivers.wiki.gg/images/Stalwart_Stratagem_Icon.svg?7439cd","","Arrowhead","User:Dogo314","Dogo314","","metadata-only"
"战备","消耗性反坦克武器","Expendable Anti-Tank","https://helldivers.wiki.gg/wiki/EAT-17_Expendable_Anti-Tank","https://helldivers.wiki.gg/wiki/File:Expendable_Anti-Tank_Stratagem_Icon.svg","https://helldivers.wiki.gg/images/Expendable_Anti-Tank_Stratagem_Icon.svg?afebd4","","Arrowhead","User:Dogo314","Dogo314","","metadata-only"
"战备","无后坐力步枪","Recoilless Rifle","https://helldivers.wiki.gg/wiki/GR-8_Recoilless_Rifle","https://helldivers.wiki.gg/wiki/File:Recoilless_Rifle_Stratagem_Icon.svg","https://helldivers.wiki.gg/images/Recoilless_Rifle_Stratagem_Icon.svg?e1e9ea","","Arrowhead","User:Dogo314","Dogo314","","metadata-only"
"战备","火焰喷射器","Flamethrower","https://helldivers.wiki.gg/wiki/FLAM-40_Flamethrower","https://helldivers.wiki.gg/wiki/File:Flamethrower_Stratagem_Icon.svg","https://helldivers.wiki.gg/images/Flamethrower_Stratagem_Icon.svg?18c0f5","","Arrowhead","User:Dogo314","Dogo314","","metadata-only"
"战备","机炮","Autocannon","https://helldivers.wiki.gg/wiki/AC-8_Autocannon","https://helldivers.wiki.gg/wiki/File:Autocannon_Stratagem_Icon.svg","https://helldivers.wiki.gg/images/Autocannon_Stratagem_Icon.svg?19e4d0","","Arrowhead","User:Dogo314","Dogo314","","metadata-only"
"战备","重机枪","Heavy Machine Gun","https://helldivers.wiki.gg/wiki/MG-206_Heavy_Machine_Gun","https://helldivers.wiki.gg/wiki/File:Heavy_Machine_Gun_Stratagem_Icon.svg","https://helldivers.wiki.gg/images/Heavy_Machine_Gun_Stratagem_Icon.svg?977358","","Arrowhead","User:Dogo314","Dogo314","","metadata-only"
"战备","空爆火箭发射器","Airburst Rocket Launcher","https://helldivers.wiki.gg/wiki/RL-77_Airburst_Rocket_Launcher","https://helldivers.wiki.gg/wiki/File:Airburst_Rocket_Launcher_Stratagem_Icon.svg","https://helldivers.wiki.gg/images/Airburst_Rocket_Launcher_Stratagem_Icon.svg?f096b9","","Arrowhead","User:Dogo314","Dogo314","","metadata-only"
"战备","突击队","Commando","https://helldivers.wiki.gg/wiki/MLS-4X_Commando","https://helldivers.wiki.gg/wiki/File:Commando_Stratagem_Icon.svg","https://helldivers.wiki.gg/images/Commando_Stratagem_Icon.svg?b6f4dc","","Arrowhead","User:Dogo314","Dogo314","","metadata-only"
"战备","磁轨炮","Railgun","https://helldivers.wiki.gg/wiki/RS-422_Railgun","https://helldivers.wiki.gg/wiki/File:Railgun_Stratagem_Icon.svg","https://helldivers.wiki.gg/images/Railgun_Stratagem_Icon.svg?84cd85","","Arrowhead","User:Dogo314","Dogo314","","metadata-only"
"战备","长矛","Spear","https://helldivers.wiki.gg/wiki/FAF-14_Spear","https://helldivers.wiki.gg/wiki/File:Spear_Stratagem_Icon.svg","https://helldivers.wiki.gg/images/Spear_Stratagem_Icon.svg?b6e872","","Arrowhead","User:Dogo314","Dogo314","","metadata-only"
"战备","StA-X3 黄蜂发射器","StA-X3 W.A.S.P. Launcher","https://helldivers.wiki.gg/wiki/StA-X3_W.A.S.P._Launcher","https://helldivers.wiki.gg/wiki/File:W.A.S.P._Launcher_Stratagem_Icon.svg","https://helldivers.wiki.gg/images/W.A.S.P._Launcher_Stratagem_Icon.svg?425df1","","Arrowhead","User:Dogo314","Dogo314","","metadata-only"
"战备","电弧发射器","Arc Thrower","https://helldivers.wiki.gg/wiki/ARC-3_Arc_Thrower","https://helldivers.wiki.gg/wiki/File:Arc_Thrower_Stratagem_Icon.svg","https://helldivers.wiki.gg/images/Arc_Thrower_Stratagem_Icon.svg?4ead8e","","Arrowhead","User:Dogo314","Dogo314","","metadata-only"
"战备","榴弹发射器","Grenade Launcher","https://helldivers.wiki.gg/wiki/GL-21_Grenade_Launcher","https://helldivers.wiki.gg/wiki/File:Grenade_Launcher_Stratagem_Icon.svg","https://helldivers.wiki.gg/images/Grenade_Launcher_Stratagem_Icon.svg?11ff1c","","Arrowhead","User:Dogo314","Dogo314","","metadata-only"
"战备","激光大炮","Laser Cannon","https://helldivers.wiki.gg/wiki/LAS-98_Laser_Cannon","https://helldivers.wiki.gg/wiki/File:Laser_Cannon_Stratagem_Icon.svg","https://helldivers.wiki.gg/images/Laser_Cannon_Stratagem_Icon.svg?a4c94e","","Arrowhead","User:Dogo314","Dogo314","","metadata-only"
"战备","类星体加农炮","Quasar Cannon","https://helldivers.wiki.gg/wiki/LAS-99_Quasar_Cannon","https://helldivers.wiki.gg/wiki/File:Quasar_Cannon_Stratagem_Icon.svg","https://helldivers.wiki.gg/images/Quasar_Cannon_Stratagem_Icon.svg?56c6f4","","Arrowhead","User:Dogo314","Dogo314","","metadata-only"
"战备","消毒器","Sterilizer","https://helldivers.wiki.gg/wiki/TX-41_Sterilizer","https://helldivers.wiki.gg/wiki/File:Sterilizer_Stratagem_Icon.svg","https://helldivers.wiki.gg/images/Sterilizer_Stratagem_Icon.svg?13ad03","","Arrowhead","User:Dogo314","Dogo314","","metadata-only"
"战备","GL-52 降级者","GL-52 De-Escalator","https://helldivers.wiki.gg/wiki/GL-52_De-Escalator","https://helldivers.wiki.gg/wiki/File:De-Escalator_Stratagem_Icon.svg","https://helldivers.wiki.gg/images/De-Escalator_Stratagem_Icon.svg?89046f","","Arrowhead","User:Dogo314","Dogo314","","metadata-only"
"战备","纪元","Epoch","https://helldivers.wiki.gg/wiki/PLAS-45_Epoch","https://helldivers.wiki.gg/wiki/File:Epoch_Stratagem_Icon.svg","https://helldivers.wiki.gg/images/Epoch_Stratagem_Icon.svg?57dd97","","Arrowhead","User:Dogo314","Dogo314","","metadata-only"
"战备","消耗性凝固汽油弹","Expendable Napalm","https://helldivers.wiki.gg/wiki/EAT-700_Expendable_Napalm","https://helldivers.wiki.gg/wiki/File:Expendable_Napalm_Stratagem_Icon.svg","https://helldivers.wiki.gg/images/Expendable_Napalm_Stratagem_Icon.svg?8f3beb","","Arrowhead","User:Dogo314","Dogo314","","metadata-only"
"战备","单兵发射井","Solo Silo","https://helldivers.wiki.gg/wiki/MS-11_Solo_Silo","https://helldivers.wiki.gg/wiki/File:Solo_Silo_Stratagem_Icon.svg","https://helldivers.wiki.gg/images/Solo_Silo_Stratagem_Icon.svg?386aa5","","Arrowhead","User:Dogo314","Dogo314","","metadata-only"
"战备","鱼叉枪","Speargun","https://helldivers.wiki.gg/wiki/S-11_Speargun","https://helldivers.wiki.gg/wiki/File:Speargun_Stratagem_Icon.svg","https://helldivers.wiki.gg/images/Speargun_Stratagem_Icon.svg?d2066f","","Arrowhead","User:Dogo314","Dogo314","","metadata-only"
"战备","火葬者","Cremator","https://helldivers.wiki.gg/wiki/B%2FFLAM-80_Cremator","https://helldivers.wiki.gg/wiki/File:Cremator_Stratagem_Icon.svg","https://helldivers.wiki.gg/images/Cremator_Stratagem_Icon.svg?6b8aa3","","Arrowhead","User:Dogo314","Dogo314","","metadata-only"
"战备","除叶工具","Defoliation Tool","https://helldivers.wiki.gg/wiki/CQC-9_Defoliation_Tool","https://helldivers.wiki.gg/wiki/File:Defoliation_Tool_Stratagem_Icon.svg","https://helldivers.wiki.gg/images/Defoliation_Tool_Stratagem_Icon.svg?436015","","Arrowhead","User:Dogo314","Dogo314","","metadata-only"
"战备","巨型机枪","Maxigun","https://helldivers.wiki.gg/wiki/M-1000_Maxigun","https://helldivers.wiki.gg/wiki/File:Maxigun_Stratagem_Icon.svg","https://helldivers.wiki.gg/images/Maxigun_Stratagem_Icon.svg?d74aae","","Arrowhead","User:Dogo314","Dogo314","","metadata-only"
"战备","C4 炸药包","C4 Pack","https://helldivers.wiki.gg/wiki/B%2FMD_C4_Pack","https://helldivers.wiki.gg/wiki/File:C4_Pack_Stratagem_Icon.svg","https://helldivers.wiki.gg/images/C4_Pack_Stratagem_Icon.svg?a24a7c","","Arrowhead","User:Dogo314","Dogo314","","metadata-only"
"战备","CQC-20","CQC-20","https://helldivers.wiki.gg/wiki/CQC-20_Breaching_Hammer","https://helldivers.wiki.gg/wiki/File:Breaching_Hammer_Stratagem_Icon.svg","https://helldivers.wiki.gg/images/Breaching_Hammer_Stratagem_Icon.svg?78afbe","","Arrowhead","User:Dogo314","Dogo314","","metadata-only"
"战备","EAT-411","EAT-411","https://helldivers.wiki.gg/wiki/EAT-411_Leveller","https://helldivers.wiki.gg/wiki/File:Leveller_Stratagem_Icon.svg","https://helldivers.wiki.gg/images/Leveller_Stratagem_Icon.svg?ea2a04","","Arrowhead","User:Dogo314","Dogo314","","metadata-only"
"战备","GL-28","GL-28","https://helldivers.wiki.gg/wiki/GL-28_Belt-Fed_Grenade_Launcher","https://helldivers.wiki.gg/wiki/File:Belt-Fed_Grenade_Launcher_Stratagem_Icon.svg","https://helldivers.wiki.gg/images/Belt-Fed_Grenade_Launcher_Stratagem_Icon.svg?38532d","","Arrowhead","User:Dogo314","Dogo314","","metadata-only"
"战备","防弹护盾背包","Ballistic Shield Backpack","https://helldivers.wiki.gg/wiki/SH-20_Ballistic_Shield_Backpack","https://helldivers.wiki.gg/wiki/File:Ballistic_Shield_Backpack_Stratagem_Icon.svg","https://helldivers.wiki.gg/images/Ballistic_Shield_Backpack_Stratagem_Icon.svg?9e14e6","","Arrowhead","User:Dogo314","Dogo314","","metadata-only"
"战备","护卫犬漫游者","Guard Dog Rover","https://helldivers.wiki.gg/wiki/AX%2FLAS-5_Rover","https://helldivers.wiki.gg/wiki/File:Rover_Stratagem_Icon.svg","https://helldivers.wiki.gg/images/Rover_Stratagem_Icon.svg?f0f21a","","Arrowhead","User:Dogo314","Dogo314","","metadata-only"
"战备","护盾发生器背包","Shield Generator Pack","https://helldivers.wiki.gg/wiki/SH-32_Shield_Generator_Pack","https://helldivers.wiki.gg/wiki/File:Shield_Generator_Pack_Stratagem_Icon.svg","https://helldivers.wiki.gg/images/Shield_Generator_Pack_Stratagem_Icon.svg?750a00","","Arrowhead","User:Dogo314","Dogo314","","metadata-only"
"战备","补给背包","Supply Pack","https://helldivers.wiki.gg/wiki/B-1_Supply_Pack","https://helldivers.wiki.gg/wiki/File:Supply_Pack_Stratagem_Icon.svg","https://helldivers.wiki.gg/images/Supply_Pack_Stratagem_Icon.svg?71c455","","Arrowhead","User:Dogo314","Dogo314","","metadata-only"
"战备","护卫犬","Guard Dog","https://helldivers.wiki.gg/wiki/AX%2FAR-23_Guard_Dog","https://helldivers.wiki.gg/wiki/File:Guard_Dog_Stratagem_Icon.svg","https://helldivers.wiki.gg/images/Guard_Dog_Stratagem_Icon.svg?865af4","","Arrowhead","User:Dogo314","Dogo314","","metadata-only"
"战备","毒息护卫犬","Guard Dog Breath","https://helldivers.wiki.gg/wiki/AX%2FTX-13_Dog_Breath","https://helldivers.wiki.gg/wiki/File:Dog_Breath_Stratagem_Icon.svg","https://helldivers.wiki.gg/images/Dog_Breath_Stratagem_Icon.svg?115b67","","Arrowhead","User:Dogo314","Dogo314","","metadata-only"
"战备","K-9 护卫犬","Guard Dog K-9","https://helldivers.wiki.gg/wiki/AX%2FARC-3_K-9","https://helldivers.wiki.gg/wiki/File:K-9_Stratagem_Icon.svg","https://helldivers.wiki.gg/images/K-9_Stratagem_Icon.svg?502126","","Arrowhead","User:Dogo314","Dogo314","","metadata-only"
"战备","热狗护卫犬","Guard Dog Hot Dog","https://helldivers.wiki.gg/wiki/AX%2FFLAM-75_Hot_Dog","https://helldivers.wiki.gg/wiki/File:Hot_Dog_Stratagem_Icon.svg","https://helldivers.wiki.gg/images/Hot_Dog_Stratagem_Icon.svg?df4245","","Arrowhead","User:Dogo314","Dogo314","","metadata-only"
"战备","跃迁背包","Warp Pack","https://helldivers.wiki.gg/wiki/LIFT-182_Warp_Pack","https://helldivers.wiki.gg/wiki/File:Warp_Pack_Stratagem_Icon.svg","https://helldivers.wiki.gg/images/Warp_Pack_Stratagem_Icon.svg?d5c0fa","","Arrowhead","User:Dogo314","Dogo314","","metadata-only"
"战备","定向护盾","Directional Shield","https://helldivers.wiki.gg/wiki/SH-51_Directional_Shield","https://helldivers.wiki.gg/wiki/File:Directional_Shield_Stratagem_Icon.svg","https://helldivers.wiki.gg/images/Directional_Shield_Stratagem_Icon.svg?3728c8","","Arrowhead","User:Dogo314","Dogo314","","metadata-only"
"战备","便携式地狱火炸弹","Hellbomb Portable","https://helldivers.wiki.gg/wiki/B-100_Portable_Hellbomb","https://helldivers.wiki.gg/wiki/File:Portable_Hellbomb_Stratagem_Icon.svg","https://helldivers.wiki.gg/images/Portable_Hellbomb_Stratagem_Icon.svg?8a876d","","Arrowhead","User:Dogo314","Dogo314","","metadata-only"
"战备","机枪哨戒炮","Machine Gun Sentry","https://helldivers.wiki.gg/wiki/A%2FMG-43_Machine_Gun_Sentry","https://helldivers.wiki.gg/wiki/File:Machine_Gun_Sentry_Stratagem_Icon.svg","https://helldivers.wiki.gg/images/Machine_Gun_Sentry_Stratagem_Icon.svg?210e57","","Arrowhead","User:Dogo314","Dogo314","","metadata-only"
"战备","加特林哨戒炮","Gatling Sentry","https://helldivers.wiki.gg/wiki/A%2FG-16_Gatling_Sentry","https://helldivers.wiki.gg/wiki/File:Gatling_Sentry_Stratagem_Icon.svg","https://helldivers.wiki.gg/images/Gatling_Sentry_Stratagem_Icon.svg?8c4d55","","Arrowhead","User:Dogo314","Dogo314","","metadata-only"
"战备","迫击炮哨戒炮","Mortar Sentry","https://helldivers.wiki.gg/wiki/A%2FM-12_Mortar_Sentry","https://helldivers.wiki.gg/wiki/File:Mortar_Sentry_Stratagem_Icon.svg","https://helldivers.wiki.gg/images/Mortar_Sentry_Stratagem_Icon.svg?ad47a7","","Arrowhead","User:Dogo314","Dogo314","","metadata-only"
"战备","电磁迫击炮哨戒炮","EMS Mortar Sentry","https://helldivers.wiki.gg/wiki/A%2FM-23_EMS_Mortar_Sentry","https://helldivers.wiki.gg/wiki/File:EMS_Mortar_Sentry_Stratagem_Icon.svg","https://helldivers.wiki.gg/images/EMS_Mortar_Sentry_Stratagem_Icon.svg?1924fd","","Arrowhead","User:Dogo314","Dogo314","","metadata-only"
"战备","机炮哨戒炮","Autocannon Sentry","https://helldivers.wiki.gg/wiki/A%2FAC-8_Autocannon_Sentry","https://helldivers.wiki.gg/wiki/File:Autocannon_Sentry_Stratagem_Icon.svg","https://helldivers.wiki.gg/images/Autocannon_Sentry_Stratagem_Icon.svg?a9b536","","Arrowhead","User:Dogo314","Dogo314","","metadata-only"
"战备","火箭哨戒炮","Rocket Sentry","https://helldivers.wiki.gg/wiki/A%2FMLS-4X_Rocket_Sentry","https://helldivers.wiki.gg/wiki/File:Rocket_Sentry_Stratagem_Icon.svg","https://helldivers.wiki.gg/images/Rocket_Sentry_Stratagem_Icon.svg?50fe15","","Arrowhead","User:Dogo314","Dogo314","","metadata-only"
"战备","激光哨戒炮","Laser Sentry","https://helldivers.wiki.gg/wiki/A%2FLAS-98_Laser_Sentry","https://helldivers.wiki.gg/wiki/File:Laser_Sentry_Stratagem_Icon.svg","https://helldivers.wiki.gg/images/Laser_Sentry_Stratagem_Icon.svg?456264","","Arrowhead","User:Dogo314","Dogo314","","metadata-only"
"战备","毒气迫击炮哨戒炮","Gas Mortar Sentry","https://helldivers.wiki.gg/wiki/A%2FGM-17_Gas_Mortar_Sentry","https://helldivers.wiki.gg/wiki/File:Gas_Mortar_Sentry_Stratagem_Icon.svg","https://helldivers.wiki.gg/images/Gas_Mortar_Sentry_Stratagem_Icon.svg?a6f79d","","Arrowhead","User:Dogo314","Dogo314","","metadata-only"
"战备","火焰哨戒炮","Flame Sentry","https://helldivers.wiki.gg/wiki/A%2FFLAM-40_Flame_Sentry","https://helldivers.wiki.gg/wiki/File:Flame_Sentry_Stratagem_Icon.svg","https://helldivers.wiki.gg/images/Flame_Sentry_Stratagem_Icon.svg?9e97f6","","Arrowhead","User:Dogo314","Dogo314","","metadata-only"
"战备","反步兵雷区","Anti-Personnel Minefield","https://helldivers.wiki.gg/wiki/MD-6_Anti-Personnel_Minefield","https://helldivers.wiki.gg/wiki/File:Anti-Personnel_Minefield_Stratagem_Icon.svg","https://helldivers.wiki.gg/images/Anti-Personnel_Minefield_Stratagem_Icon.svg?4cf122","","Arrowhead","User:Dogo314","Dogo314","","metadata-only"
"战备","燃烧地雷","Incendiary Mines","https://helldivers.wiki.gg/wiki/MD-I4_Incendiary_Mines","https://helldivers.wiki.gg/wiki/File:Incendiary_Mines_Stratagem_Icon.svg","https://helldivers.wiki.gg/images/Incendiary_Mines_Stratagem_Icon.svg?973bc7","","Arrowhead","User:Dogo314","Dogo314","","metadata-only"
"战备","反坦克地雷","Anti-Tank Mines","https://helldivers.wiki.gg/wiki/MD-17_Anti-Tank_Mines","https://helldivers.wiki.gg/wiki/File:Anti-Tank_Mines_Stratagem_Icon.svg","https://helldivers.wiki.gg/images/Anti-Tank_Mines_Stratagem_Icon.svg?71e9b5","","Arrowhead","User:Dogo314","Dogo314","","metadata-only"
"战备","毒气地雷","Gas Mine","https://helldivers.wiki.gg/wiki/MD-8_Gas_Mines","https://helldivers.wiki.gg/wiki/File:Gas_Mines_Stratagem_Icon.svg","https://helldivers.wiki.gg/images/Gas_Mines_Stratagem_Icon.svg?222efa","","Arrowhead","User:Dogo314","Dogo314","","metadata-only"
"战备","特斯拉塔","Tesla Tower","https://helldivers.wiki.gg/wiki/A%2FARC-3_Tesla_Tower","https://helldivers.wiki.gg/wiki/File:Tesla_Tower_Stratagem_Icon.svg","https://helldivers.wiki.gg/images/Tesla_Tower_Stratagem_Icon.svg?c1dddd","","Arrowhead","User:Dogo314","Dogo314","","metadata-only"
"战备","重机枪阵地","HMG Emplacement","https://helldivers.wiki.gg/wiki/E%2FMG-101_HMG_Emplacement","https://helldivers.wiki.gg/wiki/File:HMG_Emplacement_Stratagem_Icon.svg","https://helldivers.wiki.gg/images/HMG_Emplacement_Stratagem_Icon.svg?3a1493","","Arrowhead","User:Dogo314","Dogo314","","metadata-only"
"战备","掷弹兵壁垒","Grenadier Battlement","https://helldivers.wiki.gg/wiki/E%2FGL-21_Grenadier_Battlement","https://helldivers.wiki.gg/wiki/File:Grenadier_Battlement_Stratagem_Icon.svg","https://helldivers.wiki.gg/images/Grenadier_Battlement_Stratagem_Icon.svg?d0887c","","Arrowhead","User:Dogo314","Dogo314","","metadata-only"
"战备","反坦克阵地","Anti-Tank Emplacement","https://helldivers.wiki.gg/wiki/E%2FAT-12_Anti-Tank_Emplacement","https://helldivers.wiki.gg/wiki/File:Anti-Tank_Emplacement_Stratagem_Icon.svg","https://helldivers.wiki.gg/images/Anti-Tank_Emplacement_Stratagem_Icon.svg?750a69","","Arrowhead","User:Dogo314","Dogo314","","metadata-only"
"战备","护盾发生器中继","Shield Generator Relay","https://helldivers.wiki.gg/wiki/FX-12_Shield_Generator_Relay","https://helldivers.wiki.gg/wiki/File:Shield_Generator_Relay_Stratagem_Icon.svg","https://helldivers.wiki.gg/images/Shield_Generator_Relay_Stratagem_Icon.svg?68bcc3","","Arrowhead","User:Dogo314","Dogo314","","metadata-only"
"战备","爱国者外骨骼装甲","Patriot Exosuit","https://helldivers.wiki.gg/wiki/EXO-45_Patriot_Exosuit","https://helldivers.wiki.gg/wiki/File:Patriot_Exosuit_Stratagem_Icon.svg","https://helldivers.wiki.gg/images/Patriot_Exosuit_Stratagem_Icon.svg?be6d59","","Arrowhead","User:Dogo314","Dogo314","","metadata-only"
"战备","解放者外骨骼装甲","Emancipator Exosuit","https://helldivers.wiki.gg/wiki/EXO-49_Emancipator_Exosuit","https://helldivers.wiki.gg/wiki/File:Emancipator_Exosuit_Stratagem_Icon.svg","https://helldivers.wiki.gg/images/Emancipator_Exosuit_Stratagem_Icon.svg?5db1d2","","Arrowhead","User:Dogo314","Dogo314","","metadata-only"
"战备","突破者外骨骼装甲","Breakthrough Exosuit","https://helldivers.wiki.gg/wiki/EXO-55_Breakthrough_Exosuit","https://helldivers.wiki.gg/wiki/File:Breakthrough_Exosuit_Stratagem_Icon.svg","https://helldivers.wiki.gg/images/Breakthrough_Exosuit_Stratagem_Icon.svg?d00070","","Arrowhead","User:Dogo314","Dogo314","","metadata-only"
"战备","伐木者外骨骼装甲","Lumberer Exosuit","https://helldivers.wiki.gg/wiki/EXO-51_Lumberer_Exosuit","https://helldivers.wiki.gg/wiki/File:Lumberer_Exosuit_Stratagem_Icon.svg","https://helldivers.wiki.gg/images/Lumberer_Exosuit_Stratagem_Icon.svg?7ba1ed","","Arrowhead","User:Dogo314","Dogo314","","metadata-only"
"战备","子弹风暴","Bullet Storm","https://helldivers.wiki.gg/wiki/MGX-42_Bullet_Storm","https://helldivers.wiki.gg/wiki/File:Bullet_Storm_Stratagem_Icon.svg","https://helldivers.wiki.gg/images/Bullet_Storm_Stratagem_Icon.svg?3dc6cc","","Arrowhead","User:Dogo314","Dogo314","","metadata-only"
"战备","堡垒 MK XVI","Bastion MK XVI","https://helldivers.wiki.gg/wiki/TD-220_Bastion_MK_XVI","https://helldivers.wiki.gg/wiki/File:Bastion_MK_XVI_Stratagem_Icon.svg","https://helldivers.wiki.gg/images/Bastion_MK_XVI_Stratagem_Icon.svg?a03da8","","Arrowhead","User:Dogo314","Dogo314","","metadata-only"
"战备","唯一真旗","One True Flag","https://helldivers.wiki.gg/wiki/CQC-1_One_True_Flag","https://helldivers.wiki.gg/wiki/File:One_True_Flag_Stratagem_Icon.svg","https://helldivers.wiki.gg/images/One_True_Flag_Stratagem_Icon.svg?3e45c0","","Arrowhead","User:Dogo314","Dogo314","","metadata-only"
"被动","地狱舱空间优化","Hellpod Space Optimization","https://helldivers.wiki.gg/wiki/Hellpod_Space_Optimization","https://helldivers.wiki.gg/wiki/File:Hellpod_Space_Optimization_Booster_Icon.svg","https://helldivers.wiki.gg/images/Hellpod_Space_Optimization_Booster_Icon.svg?7aa15a","","Arrowhead","User:Dogo314","Dogo314","","metadata-only"
"被动","活力强化","Vitality Enhancement","https://helldivers.wiki.gg/wiki/Vitality_Enhancement","https://helldivers.wiki.gg/wiki/File:Vitality_Enhancement_Booster_Icon.svg","https://helldivers.wiki.gg/images/Vitality_Enhancement_Booster_Icon.svg?16b440","","Arrowhead","User:Dogo314","Dogo314","","metadata-only"
"被动","无人机侦察强化","UAV Recon Booster","https://helldivers.wiki.gg/wiki/UAV_Recon_Booster","https://helldivers.wiki.gg/wiki/File:UAV_Recon_Booster_Booster_Icon.svg","https://helldivers.wiki.gg/images/UAV_Recon_Booster_Booster_Icon.svg?ce1f67","","Arrowhead","User:Dogo314","Dogo314","","metadata-only"
"被动","耐力强化","Stamina Enhancement","https://helldivers.wiki.gg/wiki/Stamina_Enhancement","https://helldivers.wiki.gg/wiki/File:Stamina_Enhancement_Booster_Icon.svg","https://helldivers.wiki.gg/images/Stamina_Enhancement_Booster_Icon.svg?f12c0f","","Arrowhead","User:Dogo314","Dogo314","","metadata-only"
"被动","肌肉强化","Muscle Enhancement","https://helldivers.wiki.gg/wiki/Muscle_Enhancement","https://helldivers.wiki.gg/wiki/File:Muscle_Enhancement_Booster_Icon.svg","https://helldivers.wiki.gg/images/Muscle_Enhancement_Booster_Icon.svg?4a47f5","","Arrowhead","User:Dogo314","Dogo314","","metadata-only"
"被动","增援预算增加","Increased Reinforcement Budget","https://helldivers.wiki.gg/wiki/Increased_Reinforcement_Budget","https://helldivers.wiki.gg/wiki/File:Increased_Reinforcement_Budget_Booster_Icon.svg","https://helldivers.wiki.gg/images/Increased_Reinforcement_Budget_Booster_Icon.svg?cb9eaf","","Arrowhead","User:Dogo314","Dogo314","","metadata-only"
"被动","灵活增援预算","Flexible Reinforcement Budget","https://helldivers.wiki.gg/wiki/Flexible_Reinforcement_Budget","https://helldivers.wiki.gg/wiki/File:Flexible_Reinforcement_Budget_Booster_Icon.svg","https://helldivers.wiki.gg/images/Flexible_Reinforcement_Budget_Booster_Icon.svg?32cacf","","Arrowhead","User:Dogo314","Dogo314","","metadata-only"
"被动","定位干扰","Localization Confusion","https://helldivers.wiki.gg/wiki/Localization_Confusion","https://helldivers.wiki.gg/wiki/File:Localization_Confusion_Booster_Icon.svg","https://helldivers.wiki.gg/images/Localization_Confusion_Booster_Icon.svg?3b4fcb","","Arrowhead","User:Dogo314","Dogo314","","metadata-only"
"被动","专家撤离飞行员","Expert Extraction Pilot","https://helldivers.wiki.gg/wiki/Expert_Extraction_Pilot","https://helldivers.wiki.gg/wiki/File:Expert_Extraction_Pilot_Booster_Icon.svg","https://helldivers.wiki.gg/images/Expert_Extraction_Pilot_Booster_Icon.svg?cd8ab7","","Arrowhead","User:Dogo314","Dogo314","","metadata-only"
"被动","激励电击","Motivational Shocks","https://helldivers.wiki.gg/wiki/Motivational_Shocks","https://helldivers.wiki.gg/wiki/File:Motivational_Shocks_Booster_Icon.svg","https://helldivers.wiki.gg/images/Motivational_Shocks_Booster_Icon.svg?2bde36","","Arrowhead","User:Dogo314","Dogo314","","metadata-only"
"被动","实验性药剂","Experimental Infusion","https://helldivers.wiki.gg/wiki/Experimental_Infusion","https://helldivers.wiki.gg/wiki/File:Experimental_Infusion_Booster_Icon.svg","https://helldivers.wiki.gg/images/Experimental_Infusion_Booster_Icon.svg?b953d8","","Arrowhead","User:Dogo314","Dogo314","","metadata-only"
"被动","火焰地狱舱","Firebomb Hellpods","https://helldivers.wiki.gg/wiki/Firebomb_Hellpods","https://helldivers.wiki.gg/wiki/File:Firebomb_Hellpods_Booster_Icon.svg","https://helldivers.wiki.gg/images/Firebomb_Hellpods_Booster_Icon.svg?98993c","","Arrowhead","User:Dogo314","Dogo314","","metadata-only"
"被动","死亡冲刺","Dead Sprint","https://helldivers.wiki.gg/wiki/Dead_Sprint","https://helldivers.wiki.gg/wiki/File:Dead_Sprint_Booster_Icon.svg","https://helldivers.wiki.gg/images/Dead_Sprint_Booster_Icon.svg?7fe9b8","","Arrowhead","User:Dogo314","Dogo314","","metadata-only"
"被动","武装补给舱","Armed Resupply Pods","https://helldivers.wiki.gg/wiki/Armed_Resupply_Pods","https://helldivers.wiki.gg/wiki/File:Armed_Resupply_Pods_Booster_Icon.svg","https://helldivers.wiki.gg/images/Armed_Resupply_Pods_Booster_Icon.svg?34d6c9","","Arrowhead","User:Dogo314","Dogo314","","metadata-only"
"被动","样本提取器","Sample Extricator","https://helldivers.wiki.gg/wiki/Sample_Extricator","https://helldivers.wiki.gg/wiki/File:Sample_Extricator_Booster_Icon.svg","https://helldivers.wiki.gg/images/Sample_Extricator_Booster_Icon.svg?39ba8b","","Arrowhead","User:Dogo314","Dogo314","","metadata-only"
"被动","样本扫描器","Sample Scanner","https://helldivers.wiki.gg/wiki/Sample_Scanner","https://helldivers.wiki.gg/wiki/File:Sample_Scanner_Booster_Icon.svg","https://helldivers.wiki.gg/images/Sample_Scanner_Booster_Icon.svg?71d8c8","","Arrowhead","User:Dogo314","Dogo314","","metadata-only"
"被动","眩晕舱","Stun Pods","https://helldivers.wiki.gg/wiki/Stun_Pods","https://helldivers.wiki.gg/wiki/File:Stun_Pods_Booster_Icon.svg","https://helldivers.wiki.gg/images/Stun_Pods_Booster_Icon.svg?60fda5","","Arrowhead","User:Dogo314","Dogo314","","metadata-only"
"被动","隐蔽投送","Concealed Insertion","https://helldivers.wiki.gg/wiki/Concealed_Insertion","https://helldivers.wiki.gg/wiki/File:Concealed_Insertion_Booster_Icon.svg","https://helldivers.wiki.gg/images/Concealed_Insertion_Booster_Icon.svg?6274da","","Arrowhead","User:Dogo314","Dogo314","","metadata-only"
